date,region,sales_channel,campaign_type,marketing_spend,website_visits,leads_generated,units_sold,conversion_rate,revenue,customer_acquisition_cost,profit
2023-01-01,East,Distributor,Influencer,21524,1352,303,208,0.686,933920,103.48,912396
2023-01-02,West,Online,Discount,35048,1515,819,372,0.454,2229396,94.22,2194348
2023-01-03,North,Online,Search Ads,55111,6183,369,203,0.55,536529,271.48,481418
2023-01-04,East,Distributor,Search Ads,57904,4711,852,22,0.026,53526,2632.0,-4378
2023-01-05,East,Online,Social Media,74912,2513,312,210,0.673,621600,356.72,546688
2023-01-06,West,Distributor,Influencer,54008,6779,646,137,0.212,578551,394.22,524543
2023-01-07,North,Retail,Social Media,20060,4189,707,38,0.054,152456,527.89,132396
2023-01-08,North,Online,Influencer,94666,1907,884,42,0.048,74970,2253.95,-19696
2023-01-09,East,Retail,Social Media,103559,6237,603,49,0.081,86436,2113.45,-17123
2023-01-10,South,Distributor,Email,75337,5006,423,314,0.742,1214238,239.93,1138901
2023-01-11,East,Retail,Email,33350,1050,686,127,0.185,628269,262.6,594919
2023-01-12,East,Retail,Email,44354,3230,216,386,1.787,1259132,114.91,1214778
2023-01-13,East,Distributor,Email,65186,2854,802,300,0.374,1364400,217.29,1299214
2023-01-14,East,Retail,Discount,48145,1258,508,147,0.289,570507,327.52,522362
2023-01-15,West,Retail,Email,54020,6003,329,248,0.754,934712,217.82,880692
2023-01-16,North,Distributor,Search Ads,106123,1007,749,130,0.174,200200,816.33,94077
2023-01-17,West,Retail,Search Ads,95186,1699,351,155,0.442,242885,614.1,147699
2023-01-18,West,Distributor,Discount,105469,4261,580,381,0.657,947547,276.82,842078
2023-01-19,West,Retail,Email,40581,4185,629,205,0.326,1129140,197.96,1088559
2023-01-20,East,Distributor,Email,108929,821,267,163,0.61,765774,668.28,656845
2023-01-21,South,Distributor,Email,43051,1209,151,91,0.603,366184,473.09,323133
2023-01-22,North,Retail,Social Media,71474,1694,603,148,0.245,382580,482.93,311106
2023-01-23,South,Retail,Influencer,111748,1314,337,383,1.136,1523957,291.77,1412209
2023-01-24,West,Retail,Social Media,89626,5704,216,280,1.296,894040,320.09,804414
2023-01-25,West,Online,Influencer,26960,5769,670,22,0.033,83930,1225.45,56970
2023-01-26,South,Online,Email,55772,4909,85,123,1.447,280194,453.43,224422
2023-01-27,South,Online,Email,41520,5866,793,243,0.306,749655,170.86,708135
2023-01-28,South,Distributor,Social Media,69481,7921,790,339,0.429,1014288,204.96,944807
2023-01-29,West,Retail,Social Media,56408,7957,402,381,0.948,822960,148.05,766552
2023-01-30,West,Distributor,Influencer,114006,7979,725,373,0.514,1062304,305.65,948298
2023-01-31,North,Online,Search Ads,77134,2934,122,29,0.238,81171,2659.79,4037
2023-02-01,North,Retail,Influencer,40491,4395,697,321,0.461,1746240,126.14,1705749
2023-02-02,West,Distributor,Social Media,21341,3756,402,250,0.622,871500,85.36,850159
2023-02-03,South,Retail,Social Media,64623,2360,119,238,2.0,843472,271.53,778849
2023-02-04,South,Distributor,Discount,110327,6220,474,85,0.179,426360,1297.96,316033
2023-02-05,North,Retail,Social Media,20338,2066,757,131,0.173,335098,155.25,314760
2023-02-06,West,Online,Discount,91431,2969,830,32,0.039,79232,2857.22,-12199
2023-02-07,North,Online,Search Ads,32254,4438,610,105,0.172,233835,307.18,201581
2023-02-08,North,Retail,Influencer,71860,1549,877,253,0.288,1018831,284.03,946971
2023-02-09,East,Distributor,Influencer,31344,4227,691,109,0.158,505324,287.56,473980
2023-02-10,East,Online,Discount,21750,5580,566,333,0.588,613386,65.32,591636
2023-02-11,East,Online,Influencer,74756,2727,477,73,0.153,215131,1024.05,140375
2023-02-12,South,Online,Social Media,87957,4604,588,31,0.053,120249,2837.32,32292
2023-02-13,West,Retail,Email,78053,4502,209,228,1.091,1176252,342.34,1098199
2023-02-14,West,Retail,Discount,90855,3156,198,33,0.167,66858,2753.18,-23997
2023-02-15,West,Distributor,Influencer,35896,5590,825,140,0.17,475440,256.4,439544
2023-02-16,West,Distributor,Discount,75761,3135,279,396,1.419,1414908,191.32,1339147
2023-02-17,East,Distributor,Discount,82552,1106,761,39,0.051,74295,2116.72,-8257
2023-02-18,South,Retail,Email,97454,4465,611,94,0.154,288862,1036.74,191408
2023-02-19,South,Retail,Social Media,110600,2789,116,262,2.259,1372880,422.14,1262280
2023-02-20,East,Distributor,Discount,47935,7857,861,242,0.281,1397308,198.08,1349373
2023-02-21,South,Distributor,Influencer,57641,1461,430,89,0.207,509703,647.65,452062
2023-02-22,East,Retail,Search Ads,49711,5444,107,331,3.093,1107526,150.18,1057815
2023-02-23,West,Distributor,Discount,90342,1111,308,230,0.747,684940,392.79,594598
2023-02-24,East,Online,Discount,32182,3720,391,120,0.307,467400,268.18,435218
2023-02-25,West,Retail,Email,107833,1882,887,205,0.231,465555,526.01,357722
2023-02-26,West,Distributor,Social Media,76276,3771,179,151,0.844,313778,505.14,237502
2023-02-27,North,Retail,Search Ads,39541,6633,776,130,0.168,572130,304.16,532589
2023-02-28,East,Online,Influencer,114457,1554,221,151,0.683,255643,757.99,141186
2023-03-01,North,Retail,Search Ads,102310,4930,819,39,0.048,136773,2623.33,34463
2023-03-02,East,Retail,Influencer,64813,5340,663,43,0.065,115455,1507.28,50642
2023-03-03,East,Retail,Social Media,57198,7036,258,246,0.953,957924,232.51,900726
2023-03-04,North,Retail,Influencer,28820,6878,852,173,0.203,778154,166.59,749334
2023-03-05,North,Online,Email,44070,6126,403,312,0.774,1027104,141.25,983034
2023-03-06,East,Retail,Email,89768,1152,520,249,0.479,649890,360.51,560122
2023-03-07,South,Retail,Email,31122,1702,847,329,0.388,1811145,94.6,1780023
2023-03-08,West,Distributor,Email,100559,6251,165,378,2.291,1421658,266.03,1321099
2023-03-09,North,Retail,Search Ads,93543,4688,313,221,0.706,1157156,423.27,1063613
2023-03-10,West,Distributor,Social Media,103441,7805,711,57,0.08,301701,1814.75,198260
2023-03-11,South,Online,Influencer,61786,6644,861,279,0.324,958644,221.46,896858
2023-03-12,South,Online,Influencer,114934,958,491,207,0.422,1212399,555.24,1097465
2023-03-13,South,Online,Email,119804,2777,597,76,0.127,169404,1576.37,49600
2023-03-14,North,Online,Email,26737,1756,502,39,0.078,229242,685.56,202505
2023-03-15,South,Distributor,Discount,56062,2871,894,292,0.327,1445692,191.99,1389630
2023-03-16,North,Retail,Social Media,74237,1203,526,138,0.262,822066,537.95,747829
2023-03-17,South,Online,Search Ads,71571,7748,336,90,0.268,327600,795.23,256029
2023-03-18,West,Retail,Influencer,45510,5411,352,23,0.065,72312,1978.7,26802
2023-03-19,West,Distributor,Discount,39426,3579,360,240,0.667,1032000,164.28,992574
2023-03-20,East,Distributor,Discount,57265,2187,257,33,0.128,54153,1735.3,-3112
2023-03-21,West,Distributor,Influencer,37850,4253,667,22,0.033,65010,1720.45,27160
2023-03-22,East,Online,Search Ads,86150,7475,495,235,0.475,845060,366.6,758910
2023-03-23,West,Retail,Discount,107312,1755,719,248,0.345,700600,432.71,593288
2023-03-24,North,Retail,Discount,109613,7095,682,355,0.521,963115,308.77,853502
2023-03-25,West,Retail,Social Media,94910,2512,104,205,1.971,545095,462.98,450185
2023-03-26,East,Distributor,Search Ads,72375,7890,61,74,1.213,443926,978.04,371551
2023-03-27,East,Online,Discount,55435,5503,706,395,0.559,726800,140.34,671365
2023-03-28,South,Distributor,Search Ads,116443,7363,449,273,0.608,1454544,426.53,1338101
2023-03-29,North,Distributor,Influencer,77132,2073,697,43,0.062,149124,1793.77,71992
2023-03-30,West,Retail,Email,98945,7809,564,181,0.321,398743,546.66,299798
2023-03-31,South,Distributor,Discount,102050,6431,705,177,0.251,1046601,576.55,944551
2023-04-01,West,Retail,Social Media,115402,4611,591,101,0.171,396829,1142.59,281427
2023-04-02,West,Online,Influencer,22983,3425,286,178,0.622,587400,129.12,564417
2023-04-03,South,Retail,Search Ads,117241,3182,328,207,0.631,487485,566.38,370244
2023-04-04,South,Online,Influencer,40662,2241,397,79,0.199,261648,514.71,220986
2023-04-05,South,Retail,Discount,43510,3779,676,324,0.479,1414584,134.29,1371074
2023-04-06,South,Distributor,Search Ads,98187,2597,153,338,2.209,1737996,290.49,1639809
2023-04-07,South,Distributor,Email,60998,5190,679,385,0.567,647570,158.44,586572
2023-04-08,West,Online,Influencer,76846,4809,566,230,0.406,1060760,334.11,983914
2023-04-09,South,Online,Discount,114071,5650,297,171,0.576,1024632,667.08,910561
2023-04-10,North,Online,Social Media,26640,2194,413,128,0.31,386176,208.12,359536
2023-04-11,East,Retail,Search Ads,64547,5081,370,95,0.257,271320,679.44,206773
2023-04-12,South,Retail,Influencer,74620,2069,682,49,0.072,180026,1522.86,105406
2023-04-13,South,Online,Influencer,35317,5532,335,333,0.994,1707957,106.06,1672640
2023-04-14,West,Distributor,Email,27564,6187,198,136,0.687,697408,202.68,669844
2023-04-15,South,Retail,Email,47345,4514,133,375,2.82,2098500,126.25,2051155
2023-04-16,South,Retail,Social Media,114223,1329,455,211,0.464,999929,541.34,885706
2023-04-17,South,Retail,Social Media,99273,4423,505,38,0.075,197258,2612.45,97985
2023-04-18,West,Online,Discount,94859,6964,792,192,0.242,291456,494.06,196597
2023-04-19,South,Online,Discount,100765,3758,849,247,0.291,1211041,407.96,1110276
2023-04-20,East,Online,Social Media,94038,3714,210,369,1.757,1661976,254.85,1567938
2023-04-21,West,Online,Social Media,72393,5689,833,202,0.242,531664,358.38,459271
2023-04-22,East,Online,Search Ads,86081,4391,509,132,0.259,638748,652.13,552667
2023-04-23,West,Distributor,Email,49430,2947,599,202,0.337,971822,244.7,922392
2023-04-24,South,Distributor,Discount,95532,7695,549,165,0.301,803880,578.98,708348
2023-04-25,East,Online,Email,47788,5373,787,338,0.429,840606,141.38,792818
2023-04-26,West,Retail,Email,115505,6518,558,135,0.242,650835,855.59,535330
2023-04-27,North,Online,Social Media,68543,4169,703,132,0.188,220836,519.27,152293
2023-04-28,South,Distributor,Search Ads,33919,1739,853,270,0.317,1415070,125.63,1381151
2023-04-29,West,Distributor,Influencer,89346,1325,530,270,0.509,1229040,330.91,1139694
2023-04-30,North,Retail,Search Ads,116122,7277,712,322,0.452,716772,360.63,600650
2023-05-01,West,Distributor,Search Ads,59974,801,163,332,2.037,1746320,180.64,1686346
2023-05-02,North,Online,Email,36371,1174,798,137,0.172,462375,265.48,426004
2023-05-03,South,Retail,Search Ads,65084,3140,627,320,0.51,1770560,203.39,1705476
2023-05-04,East,Online,Discount,49629,7780,410,180,0.439,448020,275.72,398391
2023-05-05,North,Online,Email,71184,4805,390,217,0.556,1137948,328.04,1066764
2023-05-06,West,Retail,Discount,81916,3852,819,279,0.341,1167894,293.61,1085978
2023-05-07,South,Online,Influencer,93972,5448,810,167,0.206,320473,562.71,226501
2023-05-08,North,Distributor,Email,82187,3165,498,259,0.52,542087,317.32,459900
2023-05-09,West,Online,Influencer,32984,2325,892,66,0.074,216084,499.76,183100
2023-05-10,West,Retail,Email,53039,6747,884,217,0.245,859103,244.42,806064
2023-05-11,West,Retail,Social Media,105431,5276,229,66,0.288,160710,1597.44,55279
2023-05-12,North,Retail,Search Ads,103691,2446,751,97,0.129,514876,1068.98,411185
2023-05-13,North,Online,Social Media,78606,813,456,143,0.314,261833,549.69,183227
2023-05-14,North,Retail,Influencer,30616,5399,715,94,0.131,465206,325.7,434590
2023-05-15,East,Retail,Search Ads,70072,3078,245,378,1.543,1588356,185.38,1518284
2023-05-16,North,Online,Email,44574,6904,515,156,0.303,858936,285.73,814362
2023-05-17,North,Distributor,Search Ads,23430,3955,360,109,0.303,585112,214.95,561682
2023-05-18,North,Online,Discount,32676,929,311,344,1.106,1960800,94.99,1928124
2023-05-19,East,Retail,Search Ads,30816,4614,468,80,0.171,136080,385.2,105264
2023-05-20,North,Retail,Discount,52733,5733,455,157,0.345,627529,335.88,574796
2023-05-21,West,Online,Search Ads,105680,4016,192,69,0.359,230598,1531.59,124918
2023-05-22,North,Distributor,Discount,22050,3738,391,278,0.711,935748,79.32,913698
2023-05-23,West,Retail,Influencer,53933,4728,365,126,0.345,440496,428.04,386563
2023-05-24,West,Retail,Social Media,44951,2840,150,132,0.88,317988,340.54,273037
2023-05-25,West,Retail,Email,52413,827,293,369,1.259,2142045,142.04,2089632
2023-05-26,East,Online,Search Ads,54801,2913,539,273,0.506,1280097,200.74,1225296
2023-05-27,East,Retail,Social Media,75619,2052,61,137,2.246,310990,551.96,235371
2023-05-28,East,Distributor,Email,52913,5156,288,217,0.753,1010135,243.84,957222
2023-05-29,North,Retail,Email,60600,2846,610,356,0.584,1424356,170.22,1363756
2023-05-30,West,Retail,Discount,77775,6368,91,384,4.22,1618176,202.54,1540401
2023-05-31,East,Distributor,Influencer,110816,6343,727,70,0.096,355950,1583.09,245134
2023-06-01,East,Retail,Influencer,110093,5355,643,264,0.411,825792,417.02,715699
2023-06-02,North,Online,Social Media,55400,4823,478,54,0.113,101844,1025.93,46444
2023-06-03,East,Online,Influencer,24494,5196,852,321,0.377,1579641,76.31,1555147
2023-06-04,North,Online,Search Ads,100688,7862,207,88,0.425,484704,1144.18,384016
2023-06-05,South,Distributor,Influencer,109431,4174,265,368,1.389,2058224,297.37,1948793
2023-06-06,East,Retail,Social Media,94691,7230,719,339,0.471,1987557,279.32,1892866
2023-06-07,South,Online,Influencer,117419,4266,511,68,0.133,269688,1726.75,152269
2023-06-08,North,Distributor,Search Ads,63001,3881,183,93,0.508,351726,677.43,288725
2023-06-09,West,Retail,Discount,87364,4578,116,211,1.819,708116,414.05,620752
2023-06-10,East,Distributor,Social Media,65028,1429,897,280,0.312,979440,232.24,914412
2023-06-11,North,Online,Discount,117659,1069,56,375,6.696,1026000,313.76,908341
2023-06-12,West,Online,Discount,57573,3439,575,89,0.155,502316,646.89,444743
2023-06-13,West,Online,Discount,20806,2793,122,109,0.893,288850,190.88,268044
2023-06-14,South,Distributor,Email,76638,6524,448,279,0.623,1623222,274.69,1546584
2023-06-15,North,Distributor,Email,49757,6697,454,145,0.319,424995,343.15,375238
2023-06-16,West,Online,Discount,54636,3691,724,250,0.345,829750,218.54,775114
2023-06-17,East,Distributor,Social Media,100097,5757,627,314,0.501,1200736,318.78,1100639
2023-06-18,East,Online,Search Ads,68280,4232,179,148,0.827,389240,461.35,320960
2023-06-19,South,Online,Search Ads,44262,2080,515,299,0.581,1243242,148.03,1198980
2023-06-20,West,Retail,Influencer,100435,7076,255,332,1.302,1660000,302.52,1559565
2023-06-21,North,Distributor,Social Media,82211,6695,837,119,0.142,223006,690.85,140795
2023-06-22,East,Online,Email,74842,6602,817,345,0.422,1248900,216.93,1174058
2023-06-23,West,Online,Discount,76979,7915,315,316,1.003,1744320,243.6,1667341
2023-06-24,West,Distributor,Influencer,101470,7456,586,201,0.343,707721,504.83,606251
2023-06-25,South,Retail,Search Ads,58197,3160,842,193,0.229,1004565,301.54,946368
2023-06-26,East,Retail,Email,61844,1375,302,335,1.109,1594265,184.61,1532421
2023-06-27,East,Online,Email,84754,7829,871,383,0.44,1890105,221.29,1805351
2023-06-28,North,Distributor,Discount,54157,6899,338,207,0.612,701523,261.63,647366
2023-06-29,East,Retail,Search Ads,97129,2107,213,76,0.357,252548,1278.01,155419
2023-06-30,North,Distributor,Social Media,60042,3992,144,50,0.347,148700,1200.84,88658
2023-07-01,East,Distributor,Email,81665,3978,831,103,0.124,385426,792.86,303761
2023-07-02,South,Online,Discount,102856,6852,882,171,0.194,811053,601.5,708197
2023-07-03,East,Retail,Social Media,47376,3534,159,55,0.346,254870,861.38,207494
2023-07-04,North,Online,Search Ads,75554,6916,385,232,0.603,828240,325.66,752686
2023-07-05,North,Retail,Email,34199,3012,871,383,0.44,711997,89.29,677798
2023-07-06,South,Retail,Social Media,101412,3152,287,125,0.436,442625,811.3,341213
2023-07-07,East,Retail,Social Media,70948,4368,430,361,0.84,953401,196.53,882453
2023-07-08,East,Retail,Social Media,93781,2455,485,239,0.493,749265,392.39,655484
2023-07-09,South,Retail,Email,92750,2379,532,182,0.342,1001000,509.62,908250
2023-07-10,East,Distributor,Email,86262,6743,74,239,3.23,822877,360.93,736615
2023-07-11,East,Online,Influencer,66600,3003,702,289,0.412,1404829,230.45,1338229
2023-07-12,North,Distributor,Search Ads,96898,2190,166,139,0.837,622720,697.11,525822
2023-07-13,East,Retail,Discount,82483,2542,531,355,0.669,534630,232.35,452147
2023-07-14,East,Online,Social Media,38297,2725,441,201,0.456,958167,190.53,919870
2023-07-15,South,Retail,Influencer,50448,1419,586,125,0.213,386375,403.58,335927
2023-07-16,South,Online,Discount,46172,2074,128,236,1.844,1124304,195.64,1078132
2023-07-17,West,Distributor,Influencer,62874,1756,629,224,0.356,919744,280.69,856870
2023-07-18,North,Online,Email,27657,2739,222,89,0.401,419991,310.75,392334
2023-07-19,East,Online,Social Media,104386,4753,61,63,1.033,300699,1656.92,196313
2023-07-20,East,Online,Discount,45425,3181,849,348,0.41,839724,130.53,794299
2023-07-21,West,Online,Discount,46685,1768,177,320,1.808,1123520,145.89,1076835
2023-07-22,East,Online,Discount,44578,7454,657,247,0.376,726674,180.48,682096
2023-07-23,North,Retail,Discount,48831,2116,141,203,1.44,924462,240.55,875631
2023-07-24,West,Online,Discount,27906,1843,702,126,0.179,635796,221.48,607890
2023-07-25,North,Online,Influencer,81413,1081,592,103,0.174,589263,790.42,507850
2023-07-26,West,Distributor,Social Media,74028,3644,895,357,0.399,1580796,207.36,1506768
2023-07-27,West,Online,Email,27287,7968,581,269,0.463,895501,101.44,868214
2023-07-28,South,Distributor,Email,53660,7062,707,382,0.54,792650,140.47,738990
2023-07-29,North,Retail,Email,95758,1858,877,40,0.046,97160,2393.95,1402
2023-07-30,East,Online,Email,80504,5093,496,215,0.433,1130685,374.44,1050181
2023-07-31,East,Distributor,Influencer,79720,3332,439,197,0.449,1024203,404.67,944483
2023-08-01,North,Distributor,Search Ads,54701,4628,721,26,0.036,77038,2103.88,22337
2023-08-02,East,Retail,Social Media,103300,5978,92,89,0.967,424975,1160.67,321675
2023-08-03,East,Online,Discount,37674,7780,303,146,0.482,372884,258.04,335210
2023-08-04,North,Online,Search Ads,103560,6080,179,179,1.0,608600,578.55,505040
2023-08-05,West,Distributor,Email,43874,1808,109,267,2.45,789519,164.32,745645
2023-08-06,North,Online,Search Ads,63642,7634,712,222,0.312,643578,286.68,579936
2023-08-07,West,Distributor,Social Media,117820,2029,516,167,0.324,820805,705.51,702985
2023-08-08,East,Online,Discount,85160,1835,336,162,0.482,314604,525.68,229444
2023-08-09,East,Distributor,Discount,37602,5385,566,218,0.385,1122700,172.49,1085098
2023-08-10,East,Online,Social Media,108801,1075,516,173,0.335,463294,628.91,354493
2023-08-11,South,Retail,Social Media,45931,3540,827,395,0.478,2353410,116.28,2307479
2023-08-12,West,Online,Email,114377,3089,394,161,0.409,443877,710.42,329500
2023-08-13,South,Online,Discount,49192,2039,691,332,0.48,1704488,148.17,1655296
2023-08-14,South,Retail,Search Ads,66542,6170,431,184,0.427,614744,361.64,548202
2023-08-15,North,Online,Influencer,62520,925,828,333,0.402,1268397,187.75,1205877
2023-08-16,South,Retail,Influencer,84772,4865,739,40,0.054,96400,2119.3,11628
2023-08-17,North,Online,Social Media,78762,5112,302,101,0.334,589840,779.82,511078
2023-08-18,North,Distributor,Email,70106,4668,105,88,0.838,484792,796.66,414686
2023-08-19,South,Distributor,Influencer,101121,2008,512,150,0.293,550350,674.14,449229
2023-08-20,West,Online,Discount,45559,6142,506,106,0.209,389232,429.8,343673
2023-08-21,West,Online,Social Media,53742,7438,132,237,1.795,384651,226.76,330909
2023-08-22,West,Online,Search Ads,89669,7370,148,324,2.189,1509192,276.76,1419523
2023-08-23,West,Distributor,Social Media,100199,4049,198,390,1.97,891150,256.92,790951
2023-08-24,West,Online,Search Ads,41754,1718,378,364,0.963,1425424,114.71,1383670
2023-08-25,South,Distributor,Social Media,23972,6213,205,360,1.756,826560,66.59,802588
2023-08-26,South,Retail,Social Media,90831,4723,239,180,0.753,1020960,504.62,930129
2023-08-27,East,Distributor,Social Media,61873,7094,543,197,0.363,1113838,314.08,1051965
2023-08-28,West,Distributor,Search Ads,114661,7327,312,136,0.436,467296,843.1,352635
2023-08-29,South,Retail,Search Ads,29903,6557,129,215,1.667,786040,139.08,756137
2023-08-30,East,Distributor,Social Media,23020,5203,449,346,0.771,1836222,66.53,1813202
2023-08-31,West,Online,Influencer,61755,6255,813,105,0.129,294105,588.14,232350
2023-09-01,North,Online,Email,105956,2769,658,308,0.468,1744204,344.01,1638248
2023-09-02,East,Distributor,Email,106988,3593,309,100,0.324,464000,1069.88,357012
2023-09-03,South,Online,Email,65648,1691,821,171,0.208,809856,383.91,744208
2023-09-04,North,Distributor,Search Ads,29516,5270,664,80,0.12,308160,368.95,278644
2023-09-05,North,Online,Search Ads,22396,7975,601,80,0.133,274560,279.95,252164
2023-09-06,North,Online,Influencer,104082,2833,834,373,0.447,1574433,279.04,1470351
2023-09-07,East,Distributor,Email,39129,2164,150,47,0.313,87608,832.53,48479
2023-09-08,South,Online,Email,21591,928,408,62,0.152,241180,348.24,219589
2023-09-09,North,Distributor,Social Media,31303,1814,429,188,0.438,459848,166.51,428545
2023-09-10,West,Online,Search Ads,50561,2599,869,105,0.121,302085,481.53,251524
2023-09-11,North,Online,Email,91719,7612,270,196,0.726,576044,467.95,484325
2023-09-12,North,Retail,Influencer,112108,6277,869,36,0.041,168480,3114.11,56372
2023-09-13,East,Retail,Influencer,119616,5412,469,117,0.249,215280,1022.36,95664
2023-09-14,East,Distributor,Email,106231,2318,173,217,1.254,974113,489.54,867882
2023-09-15,South,Retail,Search Ads,27314,4981,471,117,0.248,220194,233.45,192880
2023-09-16,West,Distributor,Influencer,39623,1998,280,84,0.3,256704,471.7,217081
2023-09-17,East,Retail,Social Media,87675,4673,739,349,0.472,627851,251.22,540176
2023-09-18,North,Online,Influencer,116826,7254,112,360,3.214,589680,324.52,472854
2023-09-19,South,Distributor,Discount,85082,6038,534,24,0.045,44592,3545.08,-40490
2023-09-20,North,Distributor,Discount,103624,3274,677,21,0.031,63462,4934.48,-40162
2023-09-21,North,Online,Search Ads,53130,6889,752,41,0.055,203196,1295.85,150066
2023-09-22,East,Distributor,Email,71756,4285,623,131,0.21,409637,547.76,337881
2023-09-23,South,Distributor,Search Ads,117624,7057,817,76,0.093,213028,1547.68,95404
2023-09-24,West,Retail,Search Ads,46292,4849,532,85,0.16,223890,544.61,177598
2023-09-25,West,Distributor,Search Ads,106206,4519,568,349,0.614,1286414,304.32,1180208
2023-09-26,East,Online,Search Ads,89274,1102,204,117,0.574,546390,763.03,457116
2023-09-27,East,Retail,Social Media,22469,7687,141,163,1.156,869605,137.85,847136
2023-09-28,South,Retail,Social Media,73947,4752,575,387,0.673,1412937,191.08,1338990
2023-09-29,West,Online,Influencer,42534,5483,504,144,0.286,394128,295.38,351594
2023-09-30,West,Online,Discount,83620,1786,790,186,0.235,973710,449.57,890090
2023-10-01,West,Retail,Search Ads,68874,2663,647,105,0.162,455070,655.94,386196
2023-10-02,North,Distributor,Influencer,69708,5240,694,95,0.137,547200,733.77,477492
2023-10-03,West,Retail,Discount,94553,5709,559,363,0.649,906774,260.48,812221
2023-10-04,North,Online,Email,88344,6883,232,313,1.349,1272971,282.25,1184627
2023-10-05,South,Retail,Social Media,69138,7744,435,78,0.179,218946,886.38,149808
2023-10-06,North,Online,Discount,74302,3872,623,157,0.252,338492,473.26,264190
2023-10-07,South,Retail,Email,67638,6206,780,118,0.151,490880,573.2,423242
2023-10-08,West,Distributor,Discount,98249,6895,454,211,0.465,783021,465.64,684772
2023-10-09,West,Retail,Social Media,22719,6573,295,262,0.888,893158,86.71,870439
2023-10-10,South,Retail,Social Media,42890,3924,791,338,0.427,1767740,126.89,1724850
2023-10-11,East,Online,Influencer,97236,2127,640,68,0.106,241128,1429.94,143892
2023-10-12,South,Online,Search Ads,56509,5988,710,51,0.072,237762,1108.02,181253
2023-10-13,East,Online,Discount,62534,3208,699,296,0.423,781440,211.26,718906
2023-10-14,North,Retail,Discount,112241,4473,520,39,0.075,68874,2877.97,-43367
2023-10-15,North,Distributor,Email,38787,4091,875,173,0.198,578685,224.2,539898
2023-10-16,North,Online,Social Media,68845,4833,472,87,0.184,279096,791.32,210251
2023-10-17,West,Online,Discount,77932,5905,114,385,3.377,1975050,202.42,1897118
2023-10-18,North,Retail,Social Media,112124,1503,62,391,6.306,1842001,286.76,1729877
2023-10-19,East,Online,Discount,111659,1374,262,233,0.889,883769,479.22,772110
2023-10-20,North,Distributor,Influencer,53062,6504,291,162,0.557,847584,327.54,794522
2023-10-21,South,Distributor,Search Ads,95713,4032,542,395,0.729,2104955,242.31,2009242
2023-10-22,South,Online,Discount,107263,6008,262,251,0.958,755510,427.34,648247
2023-10-23,West,Online,Social Media,115756,5583,742,232,0.313,458200,498.95,342444
2023-10-24,South,Retail,Influencer,80461,7724,387,98,0.253,242648,821.03,162187
2023-10-25,East,Distributor,Discount,95418,3432,222,233,1.05,630731,409.52,535313
2023-10-26,North,Distributor,Email,86672,4628,721,135,0.187,467100,642.01,380428
2023-10-27,West,Online,Search Ads,54832,7532,213,111,0.521,228327,493.98,173495
2023-10-28,North,Retail,Discount,51966,4030,514,289,0.562,688398,179.81,636432
2023-10-29,North,Distributor,Influencer,92545,1288,546,187,0.342,690778,494.89,598233
2023-10-30,East,Distributor,Email,32987,7914,749,77,0.103,320859,428.4,287872
2023-10-31,South,Retail,Influencer,57311,2147,444,303,0.682,942330,189.15,885019
2023-11-01,South,Retail,Influencer,51575,4481,752,45,0.06,224460,1146.11,172885
2023-11-02,North,Distributor,Email,83852,3973,357,388,1.087,1534152,216.11,1450300
2023-11-03,West,Distributor,Influencer,21007,5389,817,85,0.104,509490,247.14,488483
2023-11-04,South,Retail,Email,90981,2467,232,267,1.151,920082,340.75,829101
2023-11-05,West,Distributor,Discount,96242,2437,678,273,0.403,1176084,352.53,1079842
2023-11-06,South,Online,Email,67517,4914,843,63,0.075,335475,1071.7,267958
2023-11-07,West,Online,Email,49257,4353,559,116,0.208,584176,424.63,534919
2023-11-08,East,Retail,Search Ads,107272,7340,757,61,0.081,323422,1758.56,216150
2023-11-09,West,Retail,Email,62207,1800,595,246,0.413,1396542,252.87,1334335
2023-11-10,East,Retail,Email,33281,1650,613,281,0.458,975070,118.44,941789
2023-11-11,East,Online,Discount,81246,2188,673,186,0.276,989892,436.81,908646
2023-11-12,West,Distributor,Search Ads,21435,6250,813,298,0.367,1287062,71.93,1265627
2023-11-13,East,Online,Social Media,118875,4512,643,108,0.168,259416,1100.69,140541
2023-11-14,North,Distributor,Discount,111357,2167,793,398,0.502,741872,279.79,630515
2023-11-15,East,Online,Discount,46660,1621,276,197,0.714,1134326,236.85,1087666
2023-11-16,South,Distributor,Social Media,25084,1254,794,216,0.272,997704,116.13,972620
2023-11-17,West,Online,Email,102197,2424,782,326,0.417,1322908,313.49,1220711
2023-11-18,North,Retail,Influencer,33507,3572,485,286,0.59,961818,117.16,928311
2023-11-19,West,Online,Search Ads,92595,4526,471,287,0.609,463505,322.63,370910
2023-11-20,South,Distributor,Influencer,103807,3947,603,93,0.154,361212,1116.2,257405
2023-11-21,South,Online,Social Media,65539,4889,70,27,0.386,146745,2427.37,81206
2023-11-22,South,Online,Discount,27491,5606,603,316,0.524,1260840,87.0,1233349
2023-11-23,East,Online,Discount,70192,2990,446,183,0.41,446886,383.56,376694
2023-11-24,East,Retail,Search Ads,100395,1716,674,104,0.154,335296,965.34,234901
2023-11-25,West,Online,Discount,83888,4786,154,91,0.591,348894,921.85,265006
2023-11-26,West,Retail,Discount,93609,3675,241,74,0.307,315758,1264.99,222149
2023-11-27,North,Retail,Search Ads,29077,7548,66,66,1.0,174042,440.56,144965
2023-11-28,North,Online,Search Ads,40953,6392,169,257,1.521,1034939,159.35,993986
2023-11-29,West,Online,Social Media,96919,2240,442,123,0.278,690891,787.96,593972
2023-11-30,East,Online,Discount,87889,5200,474,229,0.483,1126680,383.79,1038791
2023-12-01,South,Distributor,Discount,43821,1535,178,61,0.343,329766,718.38,285945
2023-12-02,West,Online,Social Media,57567,4368,179,335,1.872,1720895,171.84,1663328
2023-12-03,North,Retail,Email,44860,7234,621,287,0.462,1278011,156.31,1233151
2023-12-04,East,Online,Email,41195,6859,609,282,0.463,1090494,146.08,1049299
2023-12-05,West,Distributor,Email,97475,7045,78,355,4.551,2030955,274.58,1933480
2023-12-06,West,Online,Social Media,110874,6905,146,384,2.63,681984,288.73,571110
2023-12-07,East,Distributor,Discount,107266,4138,59,278,4.712,972722,385.85,865456
2023-12-08,West,Distributor,Social Media,41427,7810,291,302,1.038,823554,137.18,782127
2023-12-09,East,Online,Social Media,47083,3815,875,133,0.152,698516,354.01,651433
2023-12-10,South,Retail,Email,107046,7917,281,382,1.359,1999770,280.23,1892724
2023-12-11,East,Distributor,Influencer,77372,3689,838,59,0.07,129505,1311.39,52133
2023-12-12,East,Online,Discount,64064,1761,333,239,0.718,671351,268.05,607287
2023-12-13,East,Online,Email,27813,3789,764,148,0.194,836496,187.93,808683
2023-12-14,West,Retail,Influencer,51598,4648,808,27,0.033,127818,1911.04,76220
2023-12-15,West,Distributor,Influencer,113106,1826,851,120,0.141,673680,942.55,560574
2023-12-16,East,Distributor,Search Ads,47082,7028,825,399,0.484,1520589,118.0,1473507
2023-12-17,West,Online,Discount,49241,4665,775,195,0.252,846495,252.52,797254
2023-12-18,North,Online,Influencer,116214,7271,249,126,0.506,719208,922.33,602994
2023-12-19,North,Retail,Email,64569,3663,128,120,0.938,607080,538.08,542511
2023-12-20,West,Retail,Search Ads,31745,6369,222,279,1.257,1366542,113.78,1334797
2023-12-21,West,Distributor,Discount,46029,3301,516,385,0.746,785785,119.56,739756
2023-12-22,East,Distributor,Social Media,33025,2747,630,265,0.421,1111410,124.62,1078385
2023-12-23,South,Online,Email,34288,7572,465,294,0.632,760872,116.63,726584
2023-12-24,West,Distributor,Influencer,109186,1977,498,51,0.102,248013,2140.9,138827
2023-12-25,North,Retail,Influencer,26540,5560,136,156,1.147,237744,170.13,211204
2023-12-26,East,Retail,Email,117768,811,150,31,0.207,95232,3798.97,-22536
2023-12-27,West,Online,Influencer,101958,6052,57,321,5.632,1431018,317.63,1329060
2023-12-28,North,Retail,Search Ads,88878,5199,894,394,0.441,2259984,225.58,2171106
2023-12-29,North,Retail,Discount,61846,4164,249,35,0.141,114345,1767.03,52499
2023-12-30,South,Retail,Search Ads,95932,3822,554,148,0.267,552780,648.19,456848
2023-12-31,East,Retail,Influencer,37482,4171,136,82,0.603,139400,457.1,101918
2024-01-01,East,Online,Social Media,43411,6659,92,128,1.391,601344,339.15,557933
2024-01-02,South,Online,Discount,70975,3630,434,394,0.908,691864,180.14,620889
2024-01-03,South,Distributor,Discount,80545,842,670,40,0.06,209880,2013.62,129335
2024-01-04,East,Retail,Email,98797,1743,484,177,0.366,662157,558.18,563360
2024-01-05,East,Distributor,Email,72307,3190,457,288,0.63,1346400,251.07,1274093
2024-01-06,West,Online,Social Media,23093,6245,532,181,0.34,924186,127.59,901093
2024-01-07,West,Online,Discount,97258,3345,713,279,0.391,1349244,348.59,1251986
2024-01-08,South,Online,Social Media,42042,3211,66,121,1.833,231473,347.45,189431
2024-01-09,West,Online,Email,72930,5786,694,242,0.349,850388,301.36,777458
2024-01-10,North,Online,Email,64413,7370,197,78,0.396,224718,825.81,160305
2024-01-11,West,Online,Discount,113623,1804,326,266,0.816,691068,427.15,577445
2024-01-12,West,Online,Search Ads,117883,820,281,147,0.523,724122,801.93,606239
2024-01-13,North,Retail,Influencer,53756,1206,875,302,0.345,1556810,178.0,1503054
2024-01-14,South,Distributor,Email,73268,7562,415,344,0.829,828696,212.99,755428
2024-01-15,North,Online,Email,59214,1814,277,44,0.159,74228,1345.77,15014
2024-01-16,West,Retail,Search Ads,101871,5231,700,150,0.214,831600,679.14,729729
2024-01-17,South,Retail,Search Ads,48602,2638,485,372,0.767,1955232,130.65,1906630
2024-01-18,West,Distributor,Social Media,73331,3988,448,215,0.48,755725,341.07,682394
2024-01-19,North,Online,Social Media,68901,6043,260,300,1.154,1077600,229.67,1008699
2024-01-20,North,Distributor,Influencer,119986,7342,440,173,0.393,889912,693.56,769926
2024-01-21,West,Online,Influencer,83416,7736,548,152,0.277,551760,548.79,468344
2024-01-22,East,Retail,Discount,52196,6723,589,246,0.418,456822,212.18,404626
2024-01-23,East,Retail,Social Media,25626,1514,612,208,0.34,815776,123.2,790150
2024-01-24,North,Retail,Email,27424,4946,540,284,0.526,1634988,96.56,1607564
2024-01-25,North,Retail,Social Media,32857,4654,491,391,0.796,1171827,84.03,1138970
2024-01-26,East,Distributor,Email,39982,5219,310,153,0.494,559674,261.32,519692
2024-01-27,East,Online,Search Ads,96961,5684,822,230,0.28,932650,421.57,835689
2024-01-28,West,Online,Social Media,21980,940,399,79,0.198,303518,278.23,281538
2024-01-29,West,Distributor,Search Ads,68290,5365,401,396,0.988,1762596,172.45,1694306
2024-01-30,East,Online,Influencer,46431,5682,569,383,0.673,1048654,121.23,1002223
2024-01-31,West,Retail,Influencer,104976,6721,369,383,1.038,947159,274.09,842183
2024-02-01,West,Online,Discount,102711,6253,187,232,1.241,1267880,442.72,1165169
2024-02-02,South,Retail,Social Media,46385,6812,599,235,0.392,599250,197.38,552865
2024-02-03,West,Distributor,Search Ads,58158,1763,672,245,0.365,1274245,237.38,1216087
2024-02-04,North,Online,Email,43019,7951,417,150,0.36,642000,286.79,598981
2024-02-05,West,Distributor,Influencer,38639,1172,269,95,0.353,293360,406.73,254721
2024-02-06,West,Online,Influencer,105530,4435,386,305,0.79,1640290,346.0,1534760
2024-02-07,East,Retail,Email,119911,3341,272,296,1.088,1144928,405.1,1025017
2024-02-08,North,Distributor,Search Ads,41563,4410,697,175,0.251,338800,237.5,297237
2024-02-09,West,Online,Search Ads,59341,2492,817,267,0.327,1155576,222.25,1096235
2024-02-10,West,Retail,Social Media,25776,7694,409,237,0.579,724272,108.76,698496
2024-02-11,South,Distributor,Social Media,56444,6075,378,209,0.553,1119822,270.07,1063378
2024-02-12,West,Distributor,Discount,88916,7234,512,182,0.355,510328,488.55,421412
2024-02-13,West,Online,Influencer,28711,6567,610,199,0.326,772916,144.28,744205
2024-02-14,South,Online,Social Media,94318,905,853,53,0.062,89146,1779.58,-5172
2024-02-15,East,Online,Search Ads,102970,6339,431,60,0.139,185340,1716.17,82370
2024-02-16,West,Retail,Email,105553,7613,885,326,0.368,1006362,323.78,900809
2024-02-17,South,Online,Search Ads,50707,2481,639,357,0.559,770763,142.04,720056
2024-02-18,North,Distributor,Influencer,59110,4897,666,333,0.5,552447,177.51,493337
2024-02-19,East,Distributor,Search Ads,81788,4816,218,94,0.431,512582,870.09,430794
2024-02-20,North,Online,Discount,102879,3436,266,298,1.12,748278,345.23,645399
2024-02-21,North,Online,Influencer,58827,7587,427,195,0.457,302640,301.68,243813
2024-02-22,South,Distributor,Email,25655,2937,168,169,1.006,643383,151.8,617728
2024-02-23,West,Retail,Discount,64859,4216,239,292,1.222,796576,222.12,731717
2024-02-24,South,Online,Influencer,73625,5245,816,344,0.422,872040,214.03,798415
2024-02-25,South,Online,Email,72098,4330,419,127,0.303,660654,567.7,588556
2024-02-26,South,Distributor,Discount,35251,2086,827,158,0.191,876110,223.11,840859
2024-02-27,South,Online,Discount,20526,3979,198,369,1.864,2195181,55.63,2174655
2024-02-28,East,Retail,Influencer,88760,5958,725,290,0.4,801560,306.07,712800
2024-02-29,West,Distributor,Social Media,67837,7852,701,366,0.522,1238544,185.35,1170707
2024-03-01,North,Online,Discount,31536,7102,537,308,0.574,1019172,102.39,987636
2024-03-02,North,Distributor,Discount,48541,4454,819,231,0.282,1078077,210.13,1029536
2024-03-03,West,Online,Email,99083,7902,423,291,0.688,1541427,340.49,1442344
2024-03-04,North,Online,Search Ads,71027,3159,830,85,0.102,326485,835.61,255458
2024-03-05,West,Online,Influencer,54531,1244,742,267,0.36,1312038,204.24,1257507
2024-03-06,North,Retail,Influencer,28712,7241,209,175,0.837,405475,164.07,376763
2024-03-07,South,Retail,Social Media,85455,5847,400,66,0.165,259842,1294.77,174387
2024-03-08,North,Distributor,Social Media,94744,835,337,220,0.653,525360,430.65,430616
2024-03-09,West,Online,Influencer,25109,6003,337,167,0.496,361889,150.35,336780
2024-03-10,West,Online,Social Media,69268,2275,275,143,0.52,589732,484.39,520464
2024-03-11,West,Retail,Email,74615,4757,572,20,0.035,114640,3730.75,40025
2024-03-12,West,Online,Influencer,102503,2598,571,266,0.466,616588,385.35,514085
2024-03-13,West,Retail,Social Media,49759,2645,832,362,0.435,1335056,137.46,1285297
2024-03-14,East,Online,Influencer,105708,2208,322,147,0.457,383082,719.1,277374
2024-03-15,East,Distributor,Search Ads,80112,6091,451,210,0.466,782040,381.49,701928
2024-03-16,North,Online,Discount,46589,6295,232,86,0.371,145942,541.73,99353
2024-03-17,West,Online,Influencer,50015,2508,714,23,0.032,95933,2174.57,45918
2024-03-18,North,Retail,Discount,49009,6281,537,322,0.6,1607424,152.2,1558415
2024-03-19,West,Online,Social Media,103309,7502,876,313,0.357,1235724,330.06,1132415
2024-03-20,West,Online,Discount,82046,3738,895,162,0.181,319140,506.46,237094
2024-03-21,East,Retail,Influencer,46143,7084,173,210,1.214,724080,219.73,677937
2024-03-22,East,Distributor,Search Ads,26154,7830,675,40,0.059,215960,653.85,189806
2024-03-23,South,Distributor,Social Media,41804,2100,839,246,0.293,863460,169.93,821656
2024-03-24,East,Retail,Influencer,61688,7669,463,332,0.717,1759600,185.81,1697912
2024-03-25,South,Retail,Social Media,84288,2043,774,136,0.176,764048,619.76,679760
2024-03-26,South,Retail,Email,71195,4776,221,321,1.452,1700016,221.79,1628821
2024-03-27,South,Retail,Discount,40581,3897,337,161,0.478,883568,252.06,842987
2024-03-28,South,Retail,Email,72648,5416,484,58,0.12,100572,1252.55,27924
2024-03-29,South,Distributor,Influencer,50087,6702,735,374,0.509,908072,133.92,857985
2024-03-30,North,Distributor,Search Ads,69930,809,162,271,1.673,1383997,258.04,1314067
2024-03-31,East,Retail,Social Media,52981,5879,171,352,2.058,711744,150.51,658763
2024-04-01,South,Online,Discount,89298,3225,593,226,0.381,1135198,395.12,1045900
2024-04-02,West,Retail,Social Media,66167,6552,271,229,0.845,716541,288.94,650374
2024-04-03,East,Online,Influencer,95304,2460,680,134,0.197,377344,711.22,282040
2024-04-04,East,Retail,Social Media,63408,7625,88,244,2.773,1063108,259.87,999700
2024-04-05,South,Retail,Discount,59499,3431,546,153,0.28,401472,388.88,341973
2024-04-06,North,Distributor,Influencer,72269,7095,829,270,0.326,1103490,267.66,1031221
2024-04-07,South,Online,Social Media,58559,5615,282,238,0.844,600474,246.05,541915
2024-04-08,North,Online,Search Ads,94319,1872,579,110,0.19,316580,857.45,222261
2024-04-09,West,Distributor,Influencer,115317,4025,198,373,1.884,1818002,309.16,1702685
2024-04-10,East,Distributor,Influencer,116347,5754,446,395,0.886,1192505,294.55,1076158
2024-04-11,West,Distributor,Search Ads,68787,2116,710,65,0.092,112190,1058.26,43403
2024-04-12,North,Distributor,Email,55488,6499,687,57,0.083,136287,973.47,80799
2024-04-13,North,Online,Discount,94441,4945,351,161,0.459,897092,586.59,802651
2024-04-14,West,Online,Email,94663,7607,409,119,0.291,447083,795.49,352420
2024-04-15,North,Retail,Social Media,42431,7474,287,347,1.209,1487936,122.28,1445505
2024-04-16,West,Retail,Search Ads,81681,4483,696,209,0.3,396264,390.82,314583
2024-04-17,East,Distributor,Email,83483,4073,712,54,0.076,193212,1545.98,109729
2024-04-18,West,Distributor,Influencer,69153,7800,285,166,0.582,983384,416.58,914231
2024-04-19,East,Distributor,Social Media,26368,945,785,49,0.062,232113,538.12,205745
2024-04-20,West,Retail,Social Media,47424,5810,252,353,1.401,1903729,134.35,1856305
2024-04-21,North,Retail,Email,65004,3840,305,103,0.338,361015,631.11,296011
2024-04-22,West,Retail,Email,103869,2262,647,388,0.6,1364208,267.7,1260339
2024-04-23,North,Retail,Search Ads,108652,7185,711,300,0.422,1401300,362.17,1292648
2024-04-24,West,Retail,Discount,76985,5476,284,363,1.278,1512984,212.08,1435999
2024-04-25,West,Retail,Email,70069,7630,394,289,0.734,976242,242.45,906173
2024-04-26,South,Retail,Email,72326,2384,583,173,0.297,466408,418.07,394082
2024-04-27,North,Distributor,Influencer,101061,1282,846,121,0.143,395912,835.21,294851
2024-04-28,South,Distributor,Social Media,43398,3979,830,234,0.282,388674,185.46,345276
2024-04-29,North,Distributor,Discount,118393,2049,515,169,0.328,925444,700.55,807051
2024-04-30,South,Distributor,Influencer,70861,5568,819,102,0.125,331602,694.72,260741
2024-05-01,East,Retail,Search Ads,95897,1430,590,129,0.219,293475,743.39,197578
2024-05-02,West,Online,Search Ads,101905,7604,262,294,1.122,717066,346.62,615161
2024-05-03,North,Retail,Email,88577,1461,512,220,0.43,1038400,402.62,949823
2024-05-04,North,Online,Email,85641,4303,485,303,0.625,617817,282.64,532176
2024-05-05,West,Distributor,Search Ads,29078,3652,332,192,0.578,568512,151.45,539434
2024-05-06,North,Retail,Email,45003,3266,611,346,0.566,641830,130.07,596827
2024-05-07,North,Distributor,Discount,82768,1787,656,225,0.343,1148400,367.86,1065632
2024-05-08,South,Retail,Email,71047,2346,512,82,0.16,395486,866.43,324439
2024-05-09,North,Distributor,Social Media,91626,1449,456,92,0.202,159528,995.93,67902
2024-05-10,East,Online,Email,77660,1768,137,270,1.971,822960,287.63,745300
2024-05-11,East,Online,Influencer,69786,3437,93,143,1.538,514228,488.01,444442
2024-05-12,West,Online,Discount,21925,1900,510,394,0.773,2250922,55.65,2228997
2024-05-13,North,Retail,Influencer,103976,7452,327,140,0.428,504140,742.69,400164
2024-05-14,West,Online,Influencer,46015,1240,732,294,0.402,932862,156.51,886847
